item,month,price
stock:ASML,0,314.1
stock:ASML,1,284.16
stock:ASML,2,308.05
stock:ASML,3,340.42
stock:ASML,4,280.89
stock:ASML,5,247.47
stock:ASML,6,251.92
stock:ASML,7,245.19
stock:ASML,8,245.98
stock:ASML,9,226.77
stock:ASML,10,249.06
stock:ASML,11,270.74
stock:ASML,12,273.89
stock:ASML,13,308.44
stock:ASML,14,324.95
stock:ASML,15,299.39
stock:ASML,16,312.28
stock:ASML,17,284.83
stock:ASML,18,312.8
stock:ASML,19,312.75
stock:ASML,20,308.47
stock:ASML,21,289.38
stock:ASML,22,329.03
stock:ASML,23,325.52
stock:KBC,0,93.96
stock:KBC,1,98.04
stock:KBC,2,101.07
stock:KBC,3,104.55
stock:KBC,4,108.29
stock:KBC,5,126.9
stock:KBC,6,123.74
stock:KBC,7,119.73
stock:KBC,8,113.36
stock:KBC,9,119.0
stock:KBC,10,129.63
stock:KBC,11,129.09
stock:KBC,12,121.99
stock:KBC,13,115.41
stock:KBC,14,121.45
stock:KBC,15,128.66
stock:KBC,16,134.35
stock:KBC,17,128.57
stock:KBC,18,131.28
stock:KBC,19,132.93
stock:KBC,20,135.59
stock:KBC,21,144.98
stock:KBC,22,147.94
stock:KBC,23,156.0
stock:UCB,0,319.03
stock:UCB,1,338.51
stock:UCB,2,299.75
stock:UCB,3,292.9
stock:UCB,4,282.5
stock:UCB,5,268.52
stock:UCB,6,263.4
stock:UCB,7,301.19
stock:UCB,8,280.71
stock:UCB,9,306.67
stock:UCB,10,266.3
stock:UCB,11,259.88
stock:UCB,12,264.78
stock:UCB,13,279.84
stock:UCB,14,298.99
stock:UCB,15,321.73
stock:UCB,16,313.59
stock:UCB,17,302.66
stock:UCB,18,327.51
stock:UCB,19,323.61
stock:UCB,20,291.09
stock:UCB,21,265.09
stock:UCB,22,245.92
stock:UCB,23,257.92
stock:ABI,0,271.53
stock:ABI,1,263.7
stock:ABI,2,267.15
stock:ABI,3,279.92
stock:ABI,4,274.17
stock:ABI,5,283.8
stock:ABI,6,270.99
stock:ABI,7,264.39
stock:ABI,8,257.61
stock:ABI,9,236.68
stock:ABI,10,245.53
stock:ABI,11,237.72
stock:ABI,12,238.31
stock:ABI,13,247.11
stock:ABI,14,255.6
stock:ABI,15,268.59
stock:ABI,16,267.1
stock:ABI,17,259.47
stock:ABI,18,258.39
stock:ABI,19,229.12
stock:ABI,20,206.72
stock:ABI,21,188.2
stock:ABI,22,175.4
stock:ABI,23,180.82
stock:SOLB,0,121.03
stock:SOLB,1,135.39
stock:SOLB,2,131.22
stock:SOLB,3,139.82
stock:SOLB,4,128.9
stock:SOLB,5,126.58
stock:SOLB,6,116.53
stock:SOLB,7,113.11
stock:SOLB,8,121.6
stock:SOLB,9,104.66
stock:SOLB,10,108.63
stock:SOLB,11,110.84
stock:SOLB,12,105.24
stock:SOLB,13,92.81
stock:SOLB,14,93.36
stock:SOLB,15,89.13
stock:SOLB,16,90.91
stock:SOLB,17,91.04
stock:SOLB,18,104.55
stock:SOLB,19,102.36
stock:SOLB,20,93.64
stock:SOLB,21,95.07
stock:SOLB,22,96.85
stock:SOLB,23,108.91
stock:AAPL,0,74.92
stock:AAPL,1,85.57
stock:AAPL,2,77.69
stock:AAPL,3,73.96
stock:AAPL,4,68.69
stock:AAPL,5,66.82
stock:AAPL,6,59.68
stock:AAPL,7,63.45
stock:AAPL,8,62.63
stock:AAPL,9,55.49
stock:AAPL,10,51.14
stock:AAPL,11,52.87
stock:AAPL,12,57.21
stock:AAPL,13,68.44
stock:AAPL,14,88.63
stock:AAPL,15,92.45
stock:AAPL,16,85.39
stock:AAPL,17,71.44
stock:AAPL,18,73.57
stock:AAPL,19,69.0
stock:AAPL,20,66.98
stock:AAPL,21,63.92
stock:AAPL,22,63.54
stock:AAPL,23,70.12
stock:MSFT,0,73.29
stock:MSFT,1,67.86
stock:MSFT,2,59.67
stock:MSFT,3,57.76
stock:MSFT,4,57.9
stock:MSFT,5,67.24
stock:MSFT,6,68.41
stock:MSFT,7,74.57
stock:MSFT,8,72.11
stock:MSFT,9,65.96
stock:MSFT,10,61.42
stock:MSFT,11,58.32
stock:MSFT,12,69.73
stock:MSFT,13,65.7
stock:MSFT,14,70.78
stock:MSFT,15,66.24
stock:MSFT,16,71.9
stock:MSFT,17,74.68
stock:MSFT,18,74.24
stock:MSFT,19,74.49
stock:MSFT,20,71.13
stock:MSFT,21,74.24
stock:MSFT,22,72.04
stock:MSFT,23,65.69
stock:NVDA,0,358.84
stock:NVDA,1,453.52
stock:NVDA,2,467.03
stock:NVDA,3,461.97
stock:NVDA,4,484.45
stock:NVDA,5,588.61
stock:NVDA,6,611.36
stock:NVDA,7,579.77
stock:NVDA,8,684.41
stock:NVDA,9,732.66
stock:NVDA,10,920.21
stock:NVDA,11,950.8
stock:NVDA,12,801.77
stock:NVDA,13,662.21
stock:NVDA,14,845.67
stock:NVDA,15,1091.35
stock:NVDA,16,1070.1
stock:NVDA,17,1018.87
stock:NVDA,18,1266.03
stock:NVDA,19,1085.83
stock:NVDA,20,960.27
stock:NVDA,21,1060.31
stock:NVDA,22,1007.89
stock:NVDA,23,1013.46
etf:IWDA,0,25.3
etf:IWDA,1,27.02
etf:IWDA,2,27.26
etf:IWDA,3,28.16
etf:IWDA,4,25.9
etf:IWDA,5,25.97
etf:IWDA,6,25.16
etf:IWDA,7,23.99
etf:IWDA,8,23.2
etf:IWDA,9,22.98
etf:IWDA,10,24.03
etf:IWDA,11,22.8
etf:IWDA,12,22.94
etf:IWDA,13,22.58
etf:IWDA,14,22.37
etf:IWDA,15,23.48
etf:IWDA,16,24.15
etf:IWDA,17,25.71
etf:IWDA,18,25.67
etf:IWDA,19,25.03
etf:IWDA,20,24.91
etf:IWDA,21,25.29
etf:IWDA,22,25.61
etf:IWDA,23,24.56
etf:VWCE,0,179.26
etf:VWCE,1,200.89
etf:VWCE,2,218.97
etf:VWCE,3,212.06
etf:VWCE,4,210.47
etf:VWCE,5,198.51
etf:VWCE,6,194.45
etf:VWCE,7,198.09
etf:VWCE,8,209.74
etf:VWCE,9,204.21
etf:VWCE,10,199.49
etf:VWCE,11,182.67
etf:VWCE,12,182.27
etf:VWCE,13,174.93
etf:VWCE,14,171.81
etf:VWCE,15,166.22
etf:VWCE,16,166.35
etf:VWCE,17,154.92
etf:VWCE,18,146.1
etf:VWCE,19,160.99
etf:VWCE,20,153.01
etf:VWCE,21,146.63
etf:VWCE,22,159.55
etf:VWCE,23,181.82
fund:KBC_ECO,0,245.88
fund:KBC_ECO,1,251.2
fund:KBC_ECO,2,275.82
fund:KBC_ECO,3,262.99
fund:KBC_ECO,4,260.61
fund:KBC_ECO,5,272.34
fund:KBC_ECO,6,279.58
fund:KBC_ECO,7,275.17
fund:KBC_ECO,8,274.27
fund:KBC_ECO,9,256.29
fund:KBC_ECO,10,254.06
fund:KBC_ECO,11,251.49
fund:KBC_ECO,12,255.47
fund:KBC_ECO,13,249.11
fund:KBC_ECO,14,256.22
fund:KBC_ECO,15,271.05
fund:KBC_ECO,16,274.25
fund:KBC_ECO,17,280.33
fund:KBC_ECO,18,282.13
fund:KBC_ECO,19,283.17
fund:KBC_ECO,20,273.74
fund:KBC_ECO,21,279.3
fund:KBC_ECO,22,278.91
fund:KBC_ECO,23,312.09
fund:KBC_TECH,0,178.18
fund:KBC_TECH,1,168.37
fund:KBC_TECH,2,154.68
fund:KBC_TECH,3,171.17
fund:KBC_TECH,4,175.74
fund:KBC_TECH,5,183.62
fund:KBC_TECH,6,160.28
fund:KBC_TECH,7,173.63
fund:KBC_TECH,8,181.04
fund:KBC_TECH,9,166.34
fund:KBC_TECH,10,160.94
fund:KBC_TECH,11,165.24
fund:KBC_TECH,12,166.78
fund:KBC_TECH,13,163.72
fund:KBC_TECH,14,163.18
fund:KBC_TECH,15,160.7
fund:KBC_TECH,16,163.52
fund:KBC_TECH,17,185.11
fund:KBC_TECH,18,151.19
fund:KBC_TECH,19,149.08
fund:KBC_TECH,20,151.99
fund:KBC_TECH,21,156.46
fund:KBC_TECH,22,152.6
fund:KBC_TECH,23,133.07
fund:KBC_PENSION,0,108.38
fund:KBC_PENSION,1,103.99
fund:KBC_PENSION,2,106.92
fund:KBC_PENSION,3,106.22
fund:KBC_PENSION,4,106.34
fund:KBC_PENSION,5,103.46
fund:KBC_PENSION,6,102.77
fund:KBC_PENSION,7,107.01
fund:KBC_PENSION,8,109.14
fund:KBC_PENSION,9,115.07
fund:KBC_PENSION,10,119.4
fund:KBC_PENSION,11,121.28
fund:KBC_PENSION,12,127.91
fund:KBC_PENSION,13,129.92
fund:KBC_PENSION,14,133.45
fund:KBC_PENSION,15,132.7
fund:KBC_PENSION,16,133.34
fund:KBC_PENSION,17,131.07
fund:KBC_PENSION,18,135.26
fund:KBC_PENSION,19,131.12
fund:KBC_PENSION,20,134.51
fund:KBC_PENSION,21,134.16
fund:KBC_PENSION,22,139.18
fund:KBC_PENSION,23,142.64
bond:OLO_2034,0,52.11
bond:OLO_2034,1,51.06
bond:OLO_2034,2,51.13
bond:OLO_2034,3,50.4
bond:OLO_2034,4,50.14
bond:OLO_2034,5,51.37
bond:OLO_2034,6,51.97
bond:OLO_2034,7,51.57
bond:OLO_2034,8,50.94
bond:OLO_2034,9,51.09
bond:OLO_2034,10,50.32
bond:OLO_2034,11,49.96
bond:OLO_2034,12,50.3
bond:OLO_2034,13,51.27
bond:OLO_2034,14,51.85
bond:OLO_2034,15,50.28
bond:OLO_2034,16,50.62
bond:OLO_2034,17,50.8
bond:OLO_2034,18,51.22
bond:OLO_2034,19,52.56
bond:OLO_2034,20,51.14
bond:OLO_2034,21,50.83
bond:OLO_2034,22,51.38
bond:OLO_2034,23,50.34
bond:EU_2030,0,269.99
bond:EU_2030,1,273.19
bond:EU_2030,2,271.94
bond:EU_2030,3,275.06
bond:EU_2030,4,279.04
bond:EU_2030,5,280.36
bond:EU_2030,6,281.69
bond:EU_2030,7,283.14
bond:EU_2030,8,280.89
bond:EU_2030,9,280.98
bond:EU_2030,10,281.05
bond:EU_2030,11,282.87
bond:EU_2030,12,286.73
bond:EU_2030,13,283.82
bond:EU_2030,14,283.98
bond:EU_2030,15,289.47
bond:EU_2030,16,287.57
bond:EU_2030,17,285.43
bond:EU_2030,18,286.67
bond:EU_2030,19,290.07
bond:EU_2030,20,290.69
bond:EU_2030,21,295.78
bond:EU_2030,22,299.33
bond:EU_2030,23,302.86
