client_id,timestamp,merchant_name,category,mcc,amount_eur,tx_type,ground_truth_cluster
BE9101,2026-04-10T11:24:00,Garage Cardoen Leuven,Automotive,5511,18500.00,SEPA Transfer,auto_acquisition
BE9101,2026-04-12T09:15:30,Vlaamse Belastingdienst - BIV,Government,9311,348.50,SEPA Transfer,auto_acquisition
BE9101,2026-04-13T14:02:11,KBC Verzekeringen - Polis Auto,Insurance,6300,84.50,Direct Debit,auto_acquisition
BE9101,2026-04-14T17:40:22,TotalEnergies Haasrode,Fuel,5541,72.10,Bancontact,auto_acquisition
BE9101,2026-04-28T13:10:05,Auto5 Heverlee,Automotive Accessories,5533,49.99,Bancontact,auto_acquisition
BE4402,2026-05-02T10:00:00,Notaris Geert De Smet,Legal Services,8111,12500.00,SEPA Transfer,property_purchase
BE4402,2026-05-15T02:00:00,KBC Woonkrediet Aflossing,Mortgage,6012,1150.00,Direct Debit,property_purchase
BE4402,2026-05-16T08:30:15,KBC Verzekeringen - Woningpolis,Insurance,6300,42.20,Direct Debit,property_purchase
BE4402,2026-05-16T08:30:16,KBC Verzekeringen - Schuldsaldo,Insurance,6300,28.75,Direct Debit,property_purchase
BE4402,2026-05-20T14:45:00,Brico Plan-it Korbeek-Lo,Home Improvement,5200,384.60,Bancontact,property_purchase
BE4402,2026-05-23T11:12:40,IKEA Zaventem,Furniture,5712,1420.00,Bancontact,property_purchase
BE7703,2026-06-01T20:14:10,Brussels Airlines,Travel,3001,840.00,Bancontact,intl_travel
BE7703,2026-06-03T16:22:00,Booking.com,Travel,7011,1120.00,Bancontact,intl_travel
BE7703,2026-06-05T09:05:44,KBC Verzekeringen - Reisbijstand,Insurance,6300,115.00,SEPA Transfer,intl_travel
BE7703,2026-06-20T18:40:12,Travelex Zaventem FX,Financial Services,6051,250.00,Bancontact,intl_travel
BE1104,2026-07-08T15:30:00,Dierenasiel vzw De Leiestreek,Pets,5995,180.00,Bancontact,pet_adoption
BE1104,2026-07-10T10:15:20,Dierenartsenpraktijk Plantijn,Veterinary,0742,95.00,Bancontact,pet_adoption
BE1104,2026-07-11T12:00:00,KBC Verzekeringen - PetExpert,Insurance,6300,24.90,Direct Debit,pet_adoption
BE1104,2026-07-12T16:50:33,Tom&Co Tienen,Pet Supplies,5995,112.45,Bancontact,pet_adoption
BE5505,2026-08-01T14:10:00,Fietsen De Geus,Bicycles,5940,3299.00,Bancontact,ebike_acquisition
BE5505,2026-08-02T11:00:10,KBC Fietsverzekering,Insurance,6300,14.50,Direct Debit,ebike_acquisition
BE5505,2026-08-03T17:20:00,Aevor Helmets Online,Sporting Goods,5941,120.00,Bancontact,ebike_acquisition